Workbook

Sheet Raw Data
A1: Month | B1: Revenue | C1: Marketing Spend | D1: New Customers | E1: Total Customers at Start | F1: Operating Expenses
A2: Jan | B2: 12000 | C2: 3000 | D2: 40 | E2: 200 | F2: 8000
A3: Feb | B3: 13500 | C3: 3200 | D3: 45 | E3: 240 | F3: 8200
A4: Mar | B4: 15000 | C4: 3500 | D4: 50 | E4: 285 | F4: 8500
A5: Apr | B5: 16500 | C5: 3800 | D5: 52 | E5: 335 | F5: 8800
A6: May | B6: 18000 | C6: 4000 | D6: 55 | E6: 387 | F6: 9000
A7: Jun | B7: 19500 | C7: 4200 | D7: 58 | E7: 442 | F7: 9300
A8: Jul | B8: 21000 | C8: 4300 | D8: 62 | E8: 500 | F8: 9500
A9: Aug | B9: 22500 | C9: 4400 | D9: 65 | E9: 562 | F9: 9700
A10: Sep | B10: 24000 | C10: 4500 | D10: 68 | E10: 627 | F10: 9900
A11: Oct | B11: 26000 | C11: 4700 | D11: 70 | E11: 695 | F11: 10000
A12: Nov | B12: 28000 | C12: 4900 | D12: 75 | E12: 765 | F12: 10200
A13: Dec | B13: 30000 | C13: 5200 | D13: 80 | E13: 840 | F13: 10500

Sheet Dashboard
A1: Monthly Recurring Revenue (MRR) | C1: Customer Acquisition Cost (CAC) | E1: Burn Rate
A2: =SUM('[1]Raw Data'!B2:B13) -> 246000 | C2: ='Raw Data'!C2 / 'Raw Data'!D2 -> 75 | E2: ='Raw Data'!F2 - 'Raw Data'!B2 -> -4000
C3: ='Raw Data'!C3 / 'Raw Data'!D3 -> 71.111111 | E3: ='Raw Data'!F3 - 'Raw Data'!B3 -> -5300
C4: ='Raw Data'!C4 / 'Raw Data'!D4 -> 70 | E4: ='Raw Data'!F4 - 'Raw Data'!B4 -> -6500
C5: ='Raw Data'!C5 / 'Raw Data'!D5 -> 73.076923 | E5: ='Raw Data'!F5 - 'Raw Data'!B5 -> -7700
C6: ='Raw Data'!C6 / 'Raw Data'!D6 -> 72.727273 | E6: ='Raw Data'!F6 - 'Raw Data'!B6 -> -9000
C7: ='Raw Data'!C7 / 'Raw Data'!D7 -> 72.413793 | E7: ='Raw Data'!F7 - 'Raw Data'!B7 -> -10200
C8: ='Raw Data'!C8 / 'Raw Data'!D8 -> 69.354839 | E8: ='Raw Data'!F8 - 'Raw Data'!B8 -> -11500
C9: ='Raw Data'!C9 / 'Raw Data'!D9 -> 67.692308 | E9: ='Raw Data'!F9 - 'Raw Data'!B9 -> -12800
C10: ='Raw Data'!C10 / 'Raw Data'!D10 -> 66.176471 | E10: ='Raw Data'!F10 - 'Raw Data'!B10 -> -14100
C11: ='Raw Data'!C11 / 'Raw Data'!D11 -> 67.142857 | E11: ='Raw Data'!F11 - 'Raw Data'!B11 -> -16000
C12: ='Raw Data'!C12 / 'Raw Data'!D12 -> 65.333333 | E12: ='Raw Data'!F12 - 'Raw Data'!B12 -> -17800
C13: ='Raw Data'!C13 / 'Raw Data'!D13 -> 65 | E13: ='Raw Data'!F13 - 'Raw Data'!B13 -> -19500
