Workbook

Sheet Users_Data
A1: user_id | B1: signup_date | C1: user_persona | D1: subscription_plan | E1: last_login_date | F1: is_active | G1: signup_month | H1: days_since_signup | I1: days_since_last_login | J1: quizzes_created | K1: tenure_days | L1: segment
A2: QF1000 | B2: 45354 | C2: High School Teacher | D2: Free | E2: 45534 | F2: FALSE | G2: 2024-03 | H2: 181 | I2: 5 | J2: 4 | K2: 603 | L2: 1
A3: QF1001 | B3: 45354 | C3: High School Teacher | D3: Enterprise | E3: 45521 | F3: TRUE | G3: 2024-03 | H3: 181 | I3: 14 | J3: 11 | K3: 603 | L3: 0
A4: QF1002 | B4: 45355 | C4: Content Creator | D4: Pro | E4: 45517 | F4: TRUE | G4: 2024-03 | H4: 180 | I4: 18 | J4: 2 | K4: 602 | L4: 1
A5: QF1003 | B5: 45356 | C5: Language Instructor | D5: Free | E5: 45533 | F5: TRUE | G5: 2024-03 | H5: 179 | I5: 2 | J5: 2 | K5: 601 | L5: 1
A6: QF1004 | B6: 45357 | C6: HR Professional | D6: Free | E6: 45518 | F6: TRUE | G6: 2024-03 | H6: 178 | I6: 17 | J6: 2 | K6: 600 | L6: 1
A7: QF1005 | B7: 45358 | C7: High School Teacher | D7: Basic | E7: 45517 | F7: TRUE | G7: 2024-03 | H7: 177 | I7: 18 | J7: 1 | K7: 599 | L7: 1
A8: QF1006 | B8: 45358 | C8: High School Teacher | D8: Free | E8: 45511 | F8: FALSE | G8: 2024-03 | H8: 177 | I8: 15 | J8: 1 | K8: 599 | L8: 1
A9: QF1007 | B9: 45358 | C9: HR Professional | D9: Basic | E9: 45529 | F9: TRUE | G9: 2024-03 | H9: 177 | I9: 6 | J9: 3 | K9: 599 | L9: 1
A10: QF1008 | B10: 45358 | C10: University Professor | D10: Free | E10: 45532 | F10: TRUE | G10: 2024-03 | H10: 177 | I10: 3 | J10: 2 | K10: 599 | L10: 1
A11: QF1009 | B11: 45359 | C11: High School Teacher | D11: Enterprise | E11: 45522 | F11: TRUE | G11: 2024-03 | H11: 176 | I11: 13 | J11: 16 | K11: 598 | L11: 0
A12: QF1010 | B12: 45359 | C12: K-12 Tutor | D12: Free | E12: 45532 | F12: TRUE | G12: 2024-03 | H12: 176 | I12: 3 | J12: 1 | K12: 598 | L12: 1
A13: QF1011 | B13: 45360 | C13: HR Professional | D13: Enterprise | E13: 45560 | F13: FALSE | G13: 2024-03 | H13: 175 | I13: 20 | J13: 5 | K13: 597 | L13: 1
... A1001: QF1999 | B1001: 45558.201 | C1001: High School Teacher | D1001: Basic | E1001: 45534 | F1001: TRUE | G1001: 2024-08 | H1001: 1 | I1001: 1 | J1001: 1 | K1001: 604 | L1001: 2

Sheet Inputs_Assumptions
A1: A (Label) | B1: B (Value)
A2: Start Month | B2: 45292
A3: Projection Months | B3: 12
A4: Monthly Marketing Spend | B4: 10000
A5: Gross Margin % | B5: 0.8
A6: ARPU_Free | B6: 0
A7: ARPU_Pro | B7: 20
A8: ARPU_Enterprise | B8: 200
A9: Churn_Free | B9: 0.1
A10: Churn_Pro | B10: 0.04
A11: Churn_Enterprise | B11: 0.02

Sheet Monthly_KPIs
A1: Month | B1: New_Customers | C1: Active_Pro | D1: Active_Ent | E1: MRR | F1: CAC | H1: Plan | I1: LTV
A2: 2024-01 | B2: =COUNTIF(Users_Data!$G:$G, $A2) -> 0 | C2: =COUNTIFS(Users_Data!$G:$G, $A2, Users_Data!$D:$D, "Pro") -> 0 | D2: =COUNTIFS(Users_Data!$G:$G, $A2, Users_Data!$D:$D, "Enterprise") -> 0 | E2: =C2*Inputs_Assumptions!$B7 + D2*Inputs_Assumptions!$B8 -> 0 | F2: =IF(B2=0, 0, Inputs_Assumptions!$B4 / B2) -> 0 | H2: Pro | I2: =Inputs_Assumptions!$B7*Inputs_Assumptions!$B5/Inputs_Assumptions!$B10 -> 400
A3: 2024-02 | B3: =COUNTIF(Users_Data!$G:$G, $A3) -> 0 | C3: =C2*(1-Inputs_Assumptions!$B10) + COUNTIFS(Users_Data!$G:$G, $A3, Users_Data!$D:$D, "Pro") -> 0 | D3: =D2*(1-Inputs_Assumptions!$B10) + COUNTIFS(Users_Data!$G:$G, $A3, Users_Data!$D:$D, "Enterprise") -> 0 | E3: =C3*Inputs_Assumptions!$B8 + D3*Inputs_Assumptions!$B9 -> 0 | F3: =IF(B3=0, 0, Inputs_Assumptions!$B5 / B3) -> 0 | H3: Enterprise | I3: =Inputs_Assumptions!$B8*Inputs_Assumptions!$B5/Inputs_Assumptions!$B11 -> 8000
A4: 2024-03 | B4: =COUNTIF(Users_Data!$G:$G, $A4) -> 64 | C4: =C3*(1-Inputs_Assumptions!$B11) + COUNTIFS(Users_Data!$G:$G, $A4, Users_Data!$D:$D, "Pro") -> 9 | D4: =D3*(1-Inputs_Assumptions!$B11) + COUNTIFS(Users_Data!$G:$G, $A4, Users_Data!$D:$D, "Enterprise") -> 11 | E4: =C4*Inputs_Assumptions!$B9 + D4*Inputs_Assumptions!$B10 -> 1.34 | F4: =IF(B4=0, 0, Inputs_Assumptions!$B6 / B4) -> 0
A5: 2024-04 | B5: =COUNTIF(Users_Data!$G:$G, $A5) -> 100 | C5: =C4*(1-Inputs_Assumptions!$B12) + COUNTIFS(Users_Data!$G:$G, $A5, Users_Data!$D:$D, "Pro") -> 22 | D5: =D4*(1-Inputs_Assumptions!$B12) + COUNTIFS(Users_Data!$G:$G, $A5, Users_Data!$D:$D, "Enterprise") -> 19 | E5: =C5*Inputs_Assumptions!$B10 + D5*Inputs_Assumptions!$B11 -> 1.26 | F5: =IF(B5=0, 0, Inputs_Assumptions!$B7 / B5) -> 0.2
A6: 2024-05 | B6: =COUNTIF(Users_Data!$G:$G, $A6) -> 121 | C6: =C5*(1-Inputs_Assumptions!$B13) + COUNTIFS(Users_Data!$G:$G, $A6, Users_Data!$D:$D, "Pro") -> 42 | D6: =D5*(1-Inputs_Assumptions!$B13) + COUNTIFS(Users_Data!$G:$G, $A6, Users_Data!$D:$D, "Enterprise") -> 32 | E6: =C6*Inputs_Assumptions!$B11 + D6*Inputs_Assumptions!$B12 -> 0.84 | F6: =IF(B6=0, 0, Inputs_Assumptions!$B8 / B6) -> 1.6528926
A7: 2024-06 | B7: =COUNTIF(Users_Data!$G:$G, $A7) -> 166 | C7: =C6*(1-Inputs_Assumptions!$B14) + COUNTIFS(Users_Data!$G:$G, $A7, Users_Data!$D:$D, "Pro") -> 73 | D7: =D6*(1-Inputs_Assumptions!$B14) + COUNTIFS(Users_Data!$G:$G, $A7, Users_Data!$D:$D, "Enterprise") -> 40 | E7: =C7*Inputs_Assumptions!$B12 + D7*Inputs_Assumptions!$B13 -> 0 | F7: =IF(B7=0, 0, Inputs_Assumptions!$B9 / B7) -> 0.00060240964
A8: 2024-07 | B8: =COUNTIF(Users_Data!$G:$G, $A8) -> 242 | C8: =C7*(1-Inputs_Assumptions!$B15) + COUNTIFS(Users_Data!$G:$G, $A8, Users_Data!$D:$D, "Pro") -> 118 | D8: =D7*(1-Inputs_Assumptions!$B15) + COUNTIFS(Users_Data!$G:$G, $A8, Users_Data!$D:$D, "Enterprise") -> 60 | E8: =C8*Inputs_Assumptions!$B13 + D8*Inputs_Assumptions!$B14 -> 0 | F8: =IF(B8=0, 0, Inputs_Assumptions!$B10 / B8) -> 0.00016528926
A9: 2024-08 | B9: =COUNTIF(Users_Data!$G:$G, $A9) -> 307 | C9: =C8*(1-Inputs_Assumptions!$B16) + COUNTIFS(Users_Data!$G:$G, $A9, Users_Data!$D:$D, "Pro") -> 189 | D9: =D8*(1-Inputs_Assumptions!$B16) + COUNTIFS(Users_Data!$G:$G, $A9, Users_Data!$D:$D, "Enterprise") -> 77 | E9: =C9*Inputs_Assumptions!$B14 + D9*Inputs_Assumptions!$B15 -> 0 | F9: =IF(B9=0, 0, Inputs_Assumptions!$B11 / B9) -> 6.514658e-05
A10: 2024-09 | B10: =COUNTIF(Users_Data!$G:$G, $A10) -> 0 | C10: =C9*(1-Inputs_Assumptions!$B17) + COUNTIFS(Users_Data!$G:$G, $A10, Users_Data!$D:$D, "Pro") -> 189 | D10: =D9*(1-Inputs_Assumptions!$B17) + COUNTIFS(Users_Data!$G:$G, $A10, Users_Data!$D:$D, "Enterprise") -> 77 | E10: =C10*Inputs_Assumptions!$B15 + D10*Inputs_Assumptions!$B16 -> 0 | F10: =IF(B10=0, 0, Inputs_Assumptions!$B12 / B10) -> 0
A11: 2024-10 | B11: =COUNTIF(Users_Data!$G:$G, $A11) -> 0 | C11: =C10*(1-Inputs_Assumptions!$B18) + COUNTIFS(Users_Data!$G:$G, $A11, Users_Data!$D:$D, "Pro") -> 189 | D11: =D10*(1-Inputs_Assumptions!$B18) + COUNTIFS(Users_Data!$G:$G, $A11, Users_Data!$D:$D, "Enterprise") -> 77 | E11: =C11*Inputs_Assumptions!$B16 + D11*Inputs_Assumptions!$B17 -> 0 | F11: =IF(B11=0, 0, Inputs_Assumptions!$B13 / B11) -> 0
A12: 2024-11 | B12: =COUNTIF(Users_Data!$G:$G, $A12) -> 0 | C12: =C11*(1-Inputs_Assumptions!$B19) + COUNTIFS(Users_Data!$G:$G, $A12, Users_Data!$D:$D, "Pro") -> 189 | D12: =D11*(1-Inputs_Assumptions!$B19) + COUNTIFS(Users_Data!$G:$G, $A12, Users_Data!$D:$D, "Enterprise") -> 77 | E12: =C12*Inputs_Assumptions!$B17 + D12*Inputs_Assumptions!$B18 -> 0 | F12: =IF(B12=0, 0, Inputs_Assumptions!$B14 / B12) -> 0
A13: 2024-12 | B13: =COUNTIF(Users_Data!$G:$G, $A13) -> 0 | C13: =C12*(1-Inputs_Assumptions!$B20) + COUNTIFS(Users_Data!$G:$G, $A13, Users_Data!$D:$D, "Pro") -> 189 | D13: =D12*(1-Inputs_Assumptions!$B20) + COUNTIFS(Users_Data!$G:$G, $A13, Users_Data!$D:$D, "Enterprise") -> 77 | E13: =C13*Inputs_Assumptions!$B18 + D13*Inputs_Assumptions!$B19 -> 0 | F13: =IF(B13=0, 0, Inputs_Assumptions!$B15 / B13) -> 0

Sheet Summary_Charts
A1: Summary Table
A3: Month | B3: New_Customers | C3: Active_Pro | D3: Active_Ent | E3: MRR | F3: CAC
A4: 2024-01 | B4: =COUNTIF(Users_Data!$G:$G, $A4) -> 0 | C4: =COUNTIFS(Users_Data!$G:$G, $A4, Users_Data!$D:$D, "Pro") -> 0 | D4: =COUNTIFS(Users_Data!$G:$G, $A4, Users_Data!$D:$D, "Enterprise") -> 0 | E4: =C4*Inputs_Assumptions!$B9 + D4*Inputs_Assumptions!$B10 -> 0 | F4: =IF(B4=0, 0, Inputs_Assumptions!$B6 / B4) -> 0
A5: 2024-02 | B5: =COUNTIF(Users_Data!$G:$G, $A5) -> 0 | C5: =C4*(1-Inputs_Assumptions!$B12) + COUNTIFS(Users_Data!$G:$G, $A5, Users_Data!$D:$D, "Pro") -> 0 | D5: =D4*(1-Inputs_Assumptions!$B12) + COUNTIFS(Users_Data!$G:$G, $A5, Users_Data!$D:$D, "Enterprise") -> 0 | E5: =C5*Inputs_Assumptions!$B10 + D5*Inputs_Assumptions!$B11 -> 0 | F5: =IF(B5=0, 0, Inputs_Assumptions!$B7 / B5) -> 0
A6: 2024-03 | B6: =COUNTIF(Users_Data!$G:$G, $A6) -> 64 | C6: =C5*(1-Inputs_Assumptions!$B13) + COUNTIFS(Users_Data!$G:$G, $A6, Users_Data!$D:$D, "Pro") -> 9 | D6: =D5*(1-Inputs_Assumptions!$B13) + COUNTIFS(Users_Data!$G:$G, $A6, Users_Data!$D:$D, "Enterprise") -> 11 | E6: 1.34 | F6: 0
A7: 2024-04 | B7: =COUNTIF(Users_Data!$G:$G, $A7) -> 100 | C7: =C6*(1-Inputs_Assumptions!$B14) + COUNTIFS(Users_Data!$G:$G, $A7, Users_Data!$D:$D, "Pro") -> 22 | D7: =D6*(1-Inputs_Assumptions!$B14) + COUNTIFS(Users_Data!$G:$G, $A7, Users_Data!$D:$D, "Enterprise") -> 19 | E7: 1.26 | F7: 0.2
A8: 2024-05 | B8: =COUNTIF(Users_Data!$G:$G, $A8) -> 121 | C8: =C7*(1-Inputs_Assumptions!$B15) + COUNTIFS(Users_Data!$G:$G, $A8, Users_Data!$D:$D, "Pro") -> 42 | D8: =D7*(1-Inputs_Assumptions!$B15) + COUNTIFS(Users_Data!$G:$G, $A8, Users_Data!$D:$D, "Enterprise") -> 32 | E8: 0.84 | F8: 1.652893
A9: 2024-06 | B9: =COUNTIF(Users_Data!$G:$G, $A9) -> 166 | C9: =C8*(1-Inputs_Assumptions!$B16) + COUNTIFS(Users_Data!$G:$G, $A9, Users_Data!$D:$D, "Pro") -> 73 | D9: =D8*(1-Inputs_Assumptions!$B16) + COUNTIFS(Users_Data!$G:$G, $A9, Users_Data!$D:$D, "Enterprise") -> 40 | E9: =C9*Inputs_Assumptions!$B14 + D9*Inputs_Assumptions!$B15 -> 0 | F9: 0.000602
A10: 2024-07 | B10: =COUNTIF(Users_Data!$G:$G, $A10) -> 242 | C10: =C9*(1-Inputs_Assumptions!$B17) + COUNTIFS(Users_Data!$G:$G, $A10, Users_Data!$D:$D, "Pro") -> 118 | D10: =D9*(1-Inputs_Assumptions!$B17) + COUNTIFS(Users_Data!$G:$G, $A10, Users_Data!$D:$D, "Enterprise") -> 60 | E10: =C10*Inputs_Assumptions!$B15 + D10*Inputs_Assumptions!$B16 -> 0 | F10: 0.000165
A11: 2024-08 | B11: =COUNTIF(Users_Data!$G:$G, $A11) -> 307 | C11: =C10*(1-Inputs_Assumptions!$B18) + COUNTIFS(Users_Data!$G:$G, $A11, Users_Data!$D:$D, "Pro") -> 189 | D11: =D10*(1-Inputs_Assumptions!$B18) + COUNTIFS(Users_Data!$G:$G, $A11, Users_Data!$D:$D, "Enterprise") -> 77 | E11: =C11*Inputs_Assumptions!$B16 + D11*Inputs_Assumptions!$B17 -> 0 | F11: 6.51466
A12: 2024-09 | B12: =COUNTIF(Users_Data!$G:$G, $A12) -> 0 | C12: =C11*(1-Inputs_Assumptions!$B19) + COUNTIFS(Users_Data!$G:$G, $A12, Users_Data!$D:$D, "Pro") -> 189 | D12: =D11*(1-Inputs_Assumptions!$B19) + COUNTIFS(Users_Data!$G:$G, $A12, Users_Data!$D:$D, "Enterprise") -> 77 | E12: =C12*Inputs_Assumptions!$B17 + D12*Inputs_Assumptions!$B18 -> 0 | F12: =IF(B12=0, 0, Inputs_Assumptions!$B14 / B12) -> 0
A13: 2024-10 | B13: =COUNTIF(Users_Data!$G:$G, $A13) -> 0 | C13: =C12*(1-Inputs_Assumptions!$B20) + COUNTIFS(Users_Data!$G:$G, $A13, Users_Data!$D:$D, "Pro") -> 189 | D13: =D12*(1-Inputs_Assumptions!$B20) + COUNTIFS(Users_Data!$G:$G, $A13, Users_Data!$D:$D, "Enterprise") -> 77 | E13: =C13*Inputs_Assumptions!$B18 + D13*Inputs_Assumptions!$B19 -> 0 | F13: =IF(B13=0, 0, Inputs_Assumptions!$B15 / B13) -> 0
A14: 2024-11 | B14: =COUNTIF(Users_Data!$G:$G, $A14) -> 0 | C14: =C13*(1-Inputs_Assumptions!$B21) + COUNTIFS(Users_Data!$G:$G, $A14, Users_Data!$D:$D, "Pro") -> 189 | D14: =D13*(1-Inputs_Assumptions!$B21) + COUNTIFS(Users_Data!$G:$G, $A14, Users_Data!$D:$D, "Enterprise") -> 77 | E14: =C14*Inputs_Assumptions!$B19 + D14*Inputs_Assumptions!$B20 -> 0 | F14: =IF(B14=0, 0, Inputs_Assumptions!$B16 / B14) -> 0
A15: 2024-12 | B15: =COUNTIF(Users_Data!$G:$G, $A15) -> 0 | C15: =C14*(1-Inputs_Assumptions!$B22) + COUNTIFS(Users_Data!$G:$G, $A15, Users_Data!$D:$D, "Pro") -> 189 | D15: =D14*(1-Inputs_Assumptions!$B22) + COUNTIFS(Users_Data!$G:$G, $A15, Users_Data!$D:$D, "Enterprise") -> 77 | E15: =C15*Inputs_Assumptions!$B20 + D15*Inputs_Assumptions!$B21 -> 0 | F15: =IF(B15=0, 0, Inputs_Assumptions!$B17 / B15) -> 0
